titulo,descricao,link,fonte,data_publicacao,fim_inscricao,situacao,valor,programa,acao,tipo_recurso,extras
"HORAS MÁQUINAS, CAMINHÃO, GUINCHO E FRETE","HORAS MÁQUINAS, CAMINHÃO, GUINCHO E FRETE Pregão - Eletrônico",https://pregaobanrisul.com.br/editais/0023_2025/335053,PNCP Defesa,2025-05-09,2025-05-23,Divulgada no PNCP,"R$ 3.890.905,00",contratacoes_publicas_defesa,Pregão - Eletrônico,contrato_publico,"{'regiao': 'brasil', 'setor_estrategico': ['defesa', 'seguranca_nacional'], 'subtema': [], 'area_cientifica': [], 'area_tecnologica': [], 'tipo_oportunidade': 'compra_publica', 'empresa_prime': '', 'orgao_contratante': '', 'pais': 'Brasil', 'idioma_original': '', 'titulo_original': '', 'descricao_original': '', 'titulo_traduzido': '', 'descricao_traduzida': '', 'orgao_responsavel': '', 'instituicao': '', 'numero_edital': '88496468000160-1-000143/2025', 'numero_chamada': '0023', 'numero_processo': '128/2025/2025', 'codigo_oportunidade': '88496468000160-1-000143/2025', 'modalidade': 'Pregão - Eletrônico', 'publico_alvo': ['fornecedores', 'empresas', 'defesa'], 'elegibilidade': '', 'objetivo': 'HORAS MÁQUINAS, CAMINHÃO, GUINCHO E FRETE', 'escopo': '', 'itens_financiaveis': [], 'itens_nao_financiaveis': [], 'valor_total': 'R$ 3.890.905,00', 'valor_por_projeto': '', 'contrapartida': '', 'prazo_execucao': '', 'cronograma': [], 'documentos': [{'nome': 'Sistema de origem', 'url': 'https://pregaobanrisul.com.br/editais/0023_2025/335053'}], 'pdf_url': '', 'pdf_texto_extraido': '', 'pdf_resumo': '', 'data_publicacao_original': '', 'fim_inscricao_original': '', 'prazo_submissao_original': '', 'metodo_extracao': 'api_pncp_defesa', 'url_listagem': 'https://pncp.gov.br/api/consulta/v1/contratacoes/publicacao', 'url_detalhe': 'https://pregaobanrisul.com.br/editais/0023_2025/335053', 'nivel_sensibilidade': 'publico_institucional', 'contexto_sensivel_detectado': False, 'marcadores_contexto_sensivel': [], 'origem': 'https://pregaobanrisul.com.br/editais/0023_2025/335053', 'palavras_chave_detectadas': [], 'necessita_traducao': False, 'observacoes': '', 'area': [], 'tipo_recurso': 'contrato_publico', 'natureza_recurso': 'contratacao_publica', 'publico_alvo_texto': 'fornecedores; empresas; defesa', 'setor_economico': ['defesa', 'compras_publicas'], 'estado': '', 'municipio': '', 'regiao_atendida': [], 'valor_minimo': '', 'valor_maximo': '', 'faixa_valor': '', 'reembolsavel': None, 'numero_programa': '', 'documentos_exigidos': [], 'numero_controle_pncp': '88496468000160-1-000143/2025', 'thematic_tags': [], 'thematic_confidence': 0.0, 'metodo_classificacao': 'crawler_hints', 'classificacao_confianca': 'baixa', 'orgao_cnpj': None, 'unidade_nome': None, 'amparo_legal': None, 'coletado_em': '2026-05-09'}"
"AQUISIÇÃO DE FRALDAS DESCARTÁVEIS INFANTIS E FRALDAS DESCARTÁVEIS GERIÁTRICAS, PARA SECRETARIA MUNICIPAL DE EDUCAÇÃO E SECRETARIA DE SAÚDE, CONFORME ESPECIFICAÇÕES DO EDITAL.","AQUISIÇÃO DE FRALDAS DESCARTÁVEIS INFANTIS E FRALDAS DESCARTÁVEIS GERIÁTRICAS, PARA SECRETARIA MUNICIPAL DE EDUCAÇÃO E SECRETARIA DE SAÚDE, CONFORME ESPECIFICAÇÕES DO EDITAL. Pregão - Eletrônico",https://pregaobanrisul.com.br/editais/0004_2025/335058,PNCP Defesa,2025-05-09,2025-05-23,Divulgada no PNCP,"R$ 142.466,00",contratacoes_publicas_defesa,Pregão - Eletrônico,contrato_publico,"{'regiao': 'brasil', 'setor_estrategico': ['defesa', 'seguranca_nacional'], 'subtema': ['aeroespacial'], 'area_cientifica': [], 'area_tecnologica': [], 'tipo_oportunidade': 'compra_publica', 'empresa_prime': '', 'orgao_contratante': '', 'pais': 'Brasil', 'idioma_original': '', 'titulo_original': '', 'descricao_original': '', 'titulo_traduzido': '', 'descricao_traduzida': '', 'orgao_responsavel': '', 'instituicao': '', 'numero_edital': '90483058000126-1-000041/2025', 'numero_chamada': '0004', 'numero_processo': '149', 'codigo_oportunidade': '90483058000126-1-000041/2025', 'modalidade': 'Pregão - Eletrônico', 'publico_alvo': ['fornecedores', 'empresas', 'defesa'], 'elegibilidade': '', 'objetivo': 'AQUISIÇÃO DE FRALDAS DESCARTÁVEIS INFANTIS E FRALDAS DESCARTÁVEIS GERIÁTRICAS, PARA SECRETARIA MUNICIPAL DE EDUCAÇÃO E SECRETARIA DE SAÚDE, CONFORME ESPECIFICAÇÕES DO EDITAL.', 'escopo': '', 'itens_financiaveis': [], 'itens_nao_financiaveis': [], 'valor_total': 'R$ 142.466,00', 'valor_por_projeto': '', 'contrapartida': '', 'prazo_execucao': '', 'cronograma': [], 'documentos': [{'nome': 'Sistema de origem', 'url': 'https://pregaobanrisul.com.br/editais/0004_2025/335058'}], 'pdf_url': '', 'pdf_texto_extraido': '', 'pdf_resumo': '', 'data_publicacao_original': '', 'fim_inscricao_original': '', 'prazo_submissao_original': '', 'metodo_extracao': 'api_pncp_defesa', 'url_listagem': 'https://pncp.gov.br/api/consulta/v1/contratacoes/publicacao', 'url_detalhe': 'https://pregaobanrisul.com.br/editais/0004_2025/335058', 'nivel_sensibilidade': 'publico_institucional', 'contexto_sensivel_detectado': False, 'marcadores_contexto_sensivel': [], 'origem': 'https://pregaobanrisul.com.br/editais/0004_2025/335058', 'palavras_chave_detectadas': ['aeroespacial'], 'necessita_traducao': False, 'observacoes': '', 'area': [], 'tipo_recurso': 'contrato_publico', 'natureza_recurso': 'contratacao_publica', 'publico_alvo_texto': 'fornecedores; empresas; defesa', 'setor_economico': ['defesa', 'compras_publicas'], 'estado': '', 'municipio': '', 'regiao_atendida': [], 'valor_minimo': '', 'valor_maximo': '', 'faixa_valor': '', 'reembolsavel': None, 'numero_programa': '', 'documentos_exigidos': [], 'numero_controle_pncp': '90483058000126-1-000041/2025', 'thematic_tags': ['aeroespacial'], 'thematic_confidence': 0.44999999999999996, 'metodo_classificacao': 'crawler_hints', 'classificacao_confianca': 'media', 'orgao_cnpj': None, 'unidade_nome': None, 'amparo_legal': None, 'coletado_em': '2026-05-09'}"
AQUISIÇÃO DE MEDICAMENTOS (INJETAVEIS) PARA A FUNDAÇÃO HOSPITALAR GETÚLIO VARGAS.,AQUISIÇÃO DE MEDICAMENTOS (INJETAVEIS) PARA A FUNDAÇÃO HOSPITALAR GETÚLIO VARGAS. Pregão - Eletrônico,https://pregaobanrisul.com.br/editais/0052_2025/335061,PNCP Defesa,2025-05-09,2025-05-21,Divulgada no PNCP,"R$ 41.798,00",contratacoes_publicas_defesa,Pregão - Eletrônico,contrato_publico,"{'regiao': 'brasil', 'setor_estrategico': ['defesa', 'seguranca_nacional'], 'subtema': ['aeroespacial'], 'area_cientifica': [], 'area_tecnologica': [], 'tipo_oportunidade': 'compra_publica', 'empresa_prime': '', 'orgao_contratante': '', 'pais': 'Brasil', 'idioma_original': '', 'titulo_original': '', 'descricao_original': '', 'titulo_traduzido': '', 'descricao_traduzida': '', 'orgao_responsavel': '', 'instituicao': '', 'numero_edital': '13183513000127-1-000073/2025', 'numero_chamada': '0052', 'numero_processo': '278950', 'codigo_oportunidade': '13183513000127-1-000073/2025', 'modalidade': 'Pregão - Eletrônico', 'publico_alvo': ['fornecedores', 'empresas', 'defesa'], 'elegibilidade': '', 'objetivo': 'AQUISIÇÃO DE MEDICAMENTOS (INJETAVEIS) PARA A FUNDAÇÃO HOSPITALAR GETÚLIO VARGAS.', 'escopo': '', 'itens_financiaveis': [], 'itens_nao_financiaveis': [], 'valor_total': 'R$ 41.798,00', 'valor_por_projeto': '', 'contrapartida': '', 'prazo_execucao': '', 'cronograma': [], 'documentos': [{'nome': 'Sistema de origem', 'url': 'https://pregaobanrisul.com.br/editais/0052_2025/335061'}], 'pdf_url': '', 'pdf_texto_extraido': '', 'pdf_resumo': '', 'data_publicacao_original': '', 'fim_inscricao_original': '', 'prazo_submissao_original': '', 'metodo_extracao': 'api_pncp_defesa', 'url_listagem': 'https://pncp.gov.br/api/consulta/v1/contratacoes/publicacao', 'url_detalhe': 'https://pregaobanrisul.com.br/editais/0052_2025/335061', 'nivel_sensibilidade': 'publico_institucional', 'contexto_sensivel_detectado': False, 'marcadores_contexto_sensivel': [], 'origem': 'https://pregaobanrisul.com.br/editais/0052_2025/335061', 'palavras_chave_detectadas': ['aeroespacial'], 'necessita_traducao': False, 'observacoes': '', 'area': [], 'tipo_recurso': 'contrato_publico', 'natureza_recurso': 'contratacao_publica', 'publico_alvo_texto': 'fornecedores; empresas; defesa', 'setor_economico': ['defesa', 'compras_publicas'], 'estado': '', 'municipio': '', 'regiao_atendida': [], 'valor_minimo': '', 'valor_maximo': '', 'faixa_valor': '', 'reembolsavel': None, 'numero_programa': '', 'documentos_exigidos': [], 'numero_controle_pncp': '13183513000127-1-000073/2025', 'thematic_tags': ['aeroespacial'], 'thematic_confidence': 0.44999999999999996, 'metodo_classificacao': 'crawler_hints', 'classificacao_confianca': 'media', 'orgao_cnpj': None, 'unidade_nome': None, 'amparo_legal': None, 'coletado_em': '2026-05-09'}"
AQUISIÇÃO DE MATERIAL MÉDICO PARA A FUNDAÇÃO HOSPITALAR GETÚLIO VARGAS,AQUISIÇÃO DE MATERIAL MÉDICO PARA A FUNDAÇÃO HOSPITALAR GETÚLIO VARGAS Pregão - Eletrônico,https://pregaobanrisul.com.br/editais/0053_2025/335079,PNCP Defesa,2025-05-09,2025-05-21,Divulgada no PNCP,"R$ 53.448,00",contratacoes_publicas_defesa,Pregão - Eletrônico,contrato_publico,"{'regiao': 'brasil', 'setor_estrategico': ['defesa', 'seguranca_nacional'], 'subtema': ['aeroespacial'], 'area_cientifica': [], 'area_tecnologica': [], 'tipo_oportunidade': 'compra_publica', 'empresa_prime': '', 'orgao_contratante': '', 'pais': 'Brasil', 'idioma_original': '', 'titulo_original': '', 'descricao_original': '', 'titulo_traduzido': '', 'descricao_traduzida': '', 'orgao_responsavel': '', 'instituicao': '', 'numero_edital': '13183513000127-1-000074/2025', 'numero_chamada': '0053', 'numero_processo': '278924', 'codigo_oportunidade': '13183513000127-1-000074/2025', 'modalidade': 'Pregão - Eletrônico', 'publico_alvo': ['fornecedores', 'empresas', 'defesa'], 'elegibilidade': '', 'objetivo': 'AQUISIÇÃO DE MATERIAL MÉDICO PARA A FUNDAÇÃO HOSPITALAR GETÚLIO VARGAS', 'escopo': '', 'itens_financiaveis': [], 'itens_nao_financiaveis': [], 'valor_total': 'R$ 53.448,00', 'valor_por_projeto': '', 'contrapartida': '', 'prazo_execucao': '', 'cronograma': [], 'documentos': [{'nome': 'Sistema de origem', 'url': 'https://pregaobanrisul.com.br/editais/0053_2025/335079'}], 'pdf_url': '', 'pdf_texto_extraido': '', 'pdf_resumo': '', 'data_publicacao_original': '', 'fim_inscricao_original': '', 'prazo_submissao_original': '', 'metodo_extracao': 'api_pncp_defesa', 'url_listagem': 'https://pncp.gov.br/api/consulta/v1/contratacoes/publicacao', 'url_detalhe': 'https://pregaobanrisul.com.br/editais/0053_2025/335079', 'nivel_sensibilidade': 'publico_institucional', 'contexto_sensivel_detectado': False, 'marcadores_contexto_sensivel': [], 'origem': 'https://pregaobanrisul.com.br/editais/0053_2025/335079', 'palavras_chave_detectadas': ['aeroespacial'], 'necessita_traducao': False, 'observacoes': '', 'area': [], 'tipo_recurso': 'contrato_publico', 'natureza_recurso': 'contratacao_publica', 'publico_alvo_texto': 'fornecedores; empresas; defesa', 'setor_economico': ['defesa', 'compras_publicas'], 'estado': '', 'municipio': '', 'regiao_atendida': [], 'valor_minimo': '', 'valor_maximo': '', 'faixa_valor': '', 'reembolsavel': None, 'numero_programa': '', 'documentos_exigidos': [], 'numero_controle_pncp': '13183513000127-1-000074/2025', 'thematic_tags': ['aeroespacial'], 'thematic_confidence': 0.44999999999999996, 'metodo_classificacao': 'crawler_hints', 'classificacao_confianca': 'media', 'orgao_cnpj': None, 'unidade_nome': None, 'amparo_legal': None, 'coletado_em': '2026-05-09'}"
AQUISIÇÃO DE SUPLEMENTOS ALIMENTARES PARA O HOSPITAL MUNICIPAL GETULIO VARGAS,AQUISIÇÃO DE SUPLEMENTOS ALIMENTARES PARA O HOSPITAL MUNICIPAL GETULIO VARGAS Pregão - Eletrônico,https://pregaobanrisul.com.br/editais/0055_2025/335097,PNCP Defesa,2025-05-09,2025-05-21,Divulgada no PNCP,"R$ 365.645,68",contratacoes_publicas_defesa,Pregão - Eletrônico,contrato_publico,"{'regiao': 'brasil', 'setor_estrategico': ['defesa', 'seguranca_nacional'], 'subtema': ['aeroespacial'], 'area_cientifica': [], 'area_tecnologica': [], 'tipo_oportunidade': 'compra_publica', 'empresa_prime': '', 'orgao_contratante': '', 'pais': 'Brasil', 'idioma_original': '', 'titulo_original': '', 'descricao_original': '', 'titulo_traduzido': '', 'descricao_traduzida': '', 'orgao_responsavel': '', 'instituicao': '', 'numero_edital': '13183513000127-1-000075/2025', 'numero_chamada': '0055', 'numero_processo': '278952', 'codigo_oportunidade': '13183513000127-1-000075/2025', 'modalidade': 'Pregão - Eletrônico', 'publico_alvo': ['fornecedores', 'empresas', 'defesa'], 'elegibilidade': '', 'objetivo': 'AQUISIÇÃO DE SUPLEMENTOS ALIMENTARES PARA O HOSPITAL MUNICIPAL GETULIO VARGAS', 'escopo': '', 'itens_financiaveis': [], 'itens_nao_financiaveis': [], 'valor_total': 'R$ 365.645,68', 'valor_por_projeto': '', 'contrapartida': '', 'prazo_execucao': '', 'cronograma': [], 'documentos': [{'nome': 'Sistema de origem', 'url': 'https://pregaobanrisul.com.br/editais/0055_2025/335097'}], 'pdf_url': '', 'pdf_texto_extraido': '', 'pdf_resumo': '', 'data_publicacao_original': '', 'fim_inscricao_original': '', 'prazo_submissao_original': '', 'metodo_extracao': 'api_pncp_defesa', 'url_listagem': 'https://pncp.gov.br/api/consulta/v1/contratacoes/publicacao', 'url_detalhe': 'https://pregaobanrisul.com.br/editais/0055_2025/335097', 'nivel_sensibilidade': 'publico_institucional', 'contexto_sensivel_detectado': False, 'marcadores_contexto_sensivel': [], 'origem': 'https://pregaobanrisul.com.br/editais/0055_2025/335097', 'palavras_chave_detectadas': ['aeroespacial'], 'necessita_traducao': False, 'observacoes': '', 'area': [], 'tipo_recurso': 'contrato_publico', 'natureza_recurso': 'contratacao_publica', 'publico_alvo_texto': 'fornecedores; empresas; defesa', 'setor_economico': ['defesa', 'compras_publicas'], 'estado': '', 'municipio': '', 'regiao_atendida': [], 'valor_minimo': '', 'valor_maximo': '', 'faixa_valor': '', 'reembolsavel': None, 'numero_programa': '', 'documentos_exigidos': [], 'numero_controle_pncp': '13183513000127-1-000075/2025', 'thematic_tags': ['aeroespacial'], 'thematic_confidence': 0.44999999999999996, 'metodo_classificacao': 'crawler_hints', 'classificacao_confianca': 'media', 'orgao_cnpj': None, 'unidade_nome': None, 'amparo_legal': None, 'coletado_em': '2026-05-09'}"
Registro de preços para aquisição de materiais ambulatoriais e odontológicos para manutenção dos serviços de saúde bucal do município.,Registro de preços para aquisição de materiais ambulatoriais e odontológicos para manutenção dos serviços de saúde bucal do município. Pregão - Eletrônico,https://pregaobanrisul.com.br/editais/0016_2025/335004,PNCP Defesa,2025-05-09,2025-05-28,Divulgada no PNCP,"R$ 226.059,76",contratacoes_publicas_defesa,Pregão - Eletrônico,contrato_publico,"{'regiao': 'brasil', 'setor_estrategico': ['defesa', 'seguranca_nacional'], 'subtema': [], 'area_cientifica': [], 'area_tecnologica': [], 'tipo_oportunidade': 'compra_publica', 'empresa_prime': '', 'orgao_contratante': '', 'pais': 'Brasil', 'idioma_original': '', 'titulo_original': '', 'descricao_original': '', 'titulo_traduzido': '', 'descricao_traduzida': '', 'orgao_responsavel': '', 'instituicao': '', 'numero_edital': '91553941000108-1-000016/2025', 'numero_chamada': '0016', 'numero_processo': '1526/10990', 'codigo_oportunidade': '91553941000108-1-000016/2025', 'modalidade': 'Pregão - Eletrônico', 'publico_alvo': ['fornecedores', 'empresas', 'defesa'], 'elegibilidade': '', 'objetivo': 'Registro de preços para aquisição de materiais ambulatoriais e odontológicos para manutenção dos serviços de saúde bucal do município.', 'escopo': '', 'itens_financiaveis': [], 'itens_nao_financiaveis': [], 'valor_total': 'R$ 226.059,76', 'valor_por_projeto': '', 'contrapartida': '', 'prazo_execucao': '', 'cronograma': [], 'documentos': [{'nome': 'Sistema de origem', 'url': 'https://pregaobanrisul.com.br/editais/0016_2025/335004'}], 'pdf_url': '', 'pdf_texto_extraido': '', 'pdf_resumo': '', 'data_publicacao_original': '', 'fim_inscricao_original': '', 'prazo_submissao_original': '', 'metodo_extracao': 'api_pncp_defesa', 'url_listagem': 'https://pncp.gov.br/api/consulta/v1/contratacoes/publicacao', 'url_detalhe': 'https://pregaobanrisul.com.br/editais/0016_2025/335004', 'nivel_sensibilidade': 'publico_institucional', 'contexto_sensivel_detectado': False, 'marcadores_contexto_sensivel': [], 'origem': 'https://pregaobanrisul.com.br/editais/0016_2025/335004', 'palavras_chave_detectadas': [], 'necessita_traducao': False, 'observacoes': '', 'area': [], 'tipo_recurso': 'contrato_publico', 'natureza_recurso': 'contratacao_publica', 'publico_alvo_texto': 'fornecedores; empresas; defesa', 'setor_economico': ['defesa', 'compras_publicas'], 'estado': '', 'municipio': '', 'regiao_atendida': [], 'valor_minimo': '', 'valor_maximo': '', 'faixa_valor': '', 'reembolsavel': None, 'numero_programa': '', 'documentos_exigidos': [], 'numero_controle_pncp': '91553941000108-1-000016/2025', 'thematic_tags': [], 'thematic_confidence': 0.0, 'metodo_classificacao': 'crawler_hints', 'classificacao_confianca': 'baixa', 'orgao_cnpj': None, 'unidade_nome': None, 'amparo_legal': None, 'coletado_em': '2026-05-09'}"
REGISTRO DE PREÇO PARA AQUISIÇÃO DE MATERIAIS DESTINADOS AO SETOR DE SINALIZAÇÃO VIÁRIA,REGISTRO DE PREÇO PARA AQUISIÇÃO DE MATERIAIS DESTINADOS AO SETOR DE SINALIZAÇÃO VIÁRIA Pregão - Eletrônico,https://pregaobanrisul.com.br/editais/0032_2025/335017,PNCP Defesa,2025-05-09,2025-05-21,Divulgada no PNCP,"R$ 674.427,65",contratacoes_publicas_defesa,Pregão - Eletrônico,contrato_publico,"{'regiao': 'brasil', 'setor_estrategico': ['defesa', 'seguranca_nacional'], 'subtema': [], 'area_cientifica': [], 'area_tecnologica': [], 'tipo_oportunidade': 'compra_publica', 'empresa_prime': '', 'orgao_contratante': '', 'pais': 'Brasil', 'idioma_original': '', 'titulo_original': '', 'descricao_original': '', 'titulo_traduzido': '', 'descricao_traduzida': '', 'orgao_responsavel': '', 'instituicao': '', 'numero_edital': '88124961000159-1-000075/2025', 'numero_chamada': '0032', 'numero_processo': '3460', 'codigo_oportunidade': '88124961000159-1-000075/2025', 'modalidade': 'Pregão - Eletrônico', 'publico_alvo': ['fornecedores', 'empresas', 'defesa'], 'elegibilidade': '', 'objetivo': 'REGISTRO DE PREÇO PARA AQUISIÇÃO DE MATERIAIS DESTINADOS AO SETOR DE SINALIZAÇÃO VIÁRIA', 'escopo': '', 'itens_financiaveis': [], 'itens_nao_financiaveis': [], 'valor_total': 'R$ 674.427,65', 'valor_por_projeto': '', 'contrapartida': '', 'prazo_execucao': '', 'cronograma': [], 'documentos': [{'nome': 'Sistema de origem', 'url': 'https://pregaobanrisul.com.br/editais/0032_2025/335017'}], 'pdf_url': '', 'pdf_texto_extraido': '', 'pdf_resumo': '', 'data_publicacao_original': '', 'fim_inscricao_original': '', 'prazo_submissao_original': '', 'metodo_extracao': 'api_pncp_defesa', 'url_listagem': 'https://pncp.gov.br/api/consulta/v1/contratacoes/publicacao', 'url_detalhe': 'https://pregaobanrisul.com.br/editais/0032_2025/335017', 'nivel_sensibilidade': 'publico_institucional', 'contexto_sensivel_detectado': False, 'marcadores_contexto_sensivel': [], 'origem': 'https://pregaobanrisul.com.br/editais/0032_2025/335017', 'palavras_chave_detectadas': [], 'necessita_traducao': False, 'observacoes': '', 'area': [], 'tipo_recurso': 'contrato_publico', 'natureza_recurso': 'contratacao_publica', 'publico_alvo_texto': 'fornecedores; empresas; defesa', 'setor_economico': ['defesa', 'compras_publicas'], 'estado': '', 'municipio': '', 'regiao_atendida': [], 'valor_minimo': '', 'valor_maximo': '', 'faixa_valor': '', 'reembolsavel': None, 'numero_programa': '', 'documentos_exigidos': [], 'numero_controle_pncp': '88124961000159-1-000075/2025', 'thematic_tags': [], 'thematic_confidence': 0.0, 'metodo_classificacao': 'crawler_hints', 'classificacao_confianca': 'baixa', 'orgao_cnpj': None, 'unidade_nome': None, 'amparo_legal': None, 'coletado_em': '2026-05-09'}"
"REGISTRO DE PREÇOS PARA AQUISIÇÃO DE MATERIAIS DE LIMPEZA, HIGIENE, COPA E COZINHA PARA AS SECRETARIAS MUNICIPAIS DE SÃO VENDELINO/RS.","REGISTRO DE PREÇOS PARA AQUISIÇÃO DE MATERIAIS DE LIMPEZA, HIGIENE, COPA E COZINHA PARA AS SECRETARIAS MUNICIPAIS DE SÃO VENDELINO/RS. Pregão - Eletrônico",https://pregaobanrisul.com.br/editais/0007_2025/335071,PNCP Defesa,2025-05-09,2025-05-26,Divulgada no PNCP,"R$ 918.942,90",contratacoes_publicas_defesa,Pregão - Eletrônico,contrato_publico,"{'regiao': 'brasil', 'setor_estrategico': ['defesa', 'seguranca_nacional'], 'subtema': [], 'area_cientifica': [], 'area_tecnologica': [], 'tipo_oportunidade': 'compra_publica', 'empresa_prime': '', 'orgao_contratante': '', 'pais': 'Brasil', 'idioma_original': '', 'titulo_original': '', 'descricao_original': '', 'titulo_traduzido': '', 'descricao_traduzida': '', 'orgao_responsavel': '', 'instituicao': '', 'numero_edital': '91984492000152-1-000099/2025', 'numero_chamada': '0007', 'numero_processo': '0007', 'codigo_oportunidade': '91984492000152-1-000099/2025', 'modalidade': 'Pregão - Eletrônico', 'publico_alvo': ['fornecedores', 'empresas', 'defesa'], 'elegibilidade': '', 'objetivo': 'REGISTRO DE PREÇOS PARA AQUISIÇÃO DE MATERIAIS DE LIMPEZA, HIGIENE, COPA E COZINHA PARA AS SECRETARIAS MUNICIPAIS DE SÃO VENDELINO/RS.', 'escopo': '', 'itens_financiaveis': [], 'itens_nao_financiaveis': [], 'valor_total': 'R$ 918.942,90', 'valor_por_projeto': '', 'contrapartida': '', 'prazo_execucao': '', 'cronograma': [], 'documentos': [{'nome': 'Sistema de origem', 'url': 'https://pregaobanrisul.com.br/editais/0007_2025/335071'}], 'pdf_url': '', 'pdf_texto_extraido': '', 'pdf_resumo': '', 'data_publicacao_original': '', 'fim_inscricao_original': '', 'prazo_submissao_original': '', 'metodo_extracao': 'api_pncp_defesa', 'url_listagem': 'https://pncp.gov.br/api/consulta/v1/contratacoes/publicacao', 'url_detalhe': 'https://pregaobanrisul.com.br/editais/0007_2025/335071', 'nivel_sensibilidade': 'publico_institucional', 'contexto_sensivel_detectado': False, 'marcadores_contexto_sensivel': [], 'origem': 'https://pregaobanrisul.com.br/editais/0007_2025/335071', 'palavras_chave_detectadas': [], 'necessita_traducao': False, 'observacoes': '', 'area': [], 'tipo_recurso': 'contrato_publico', 'natureza_recurso': 'contratacao_publica', 'publico_alvo_texto': 'fornecedores; empresas; defesa', 'setor_economico': ['defesa', 'compras_publicas'], 'estado': '', 'municipio': '', 'regiao_atendida': [], 'valor_minimo': '', 'valor_maximo': '', 'faixa_valor': '', 'reembolsavel': None, 'numero_programa': '', 'documentos_exigidos': [], 'numero_controle_pncp': '91984492000152-1-000099/2025', 'thematic_tags': [], 'thematic_confidence': 0.0, 'metodo_classificacao': 'crawler_hints', 'classificacao_confianca': 'baixa', 'orgao_cnpj': None, 'unidade_nome': None, 'amparo_legal': None, 'coletado_em': '2026-05-09'}"
"[Portal de Compras Públicas] - REGISTRO DE PREÇOS PARA FUTURA E EVENTUAL CONTRATAÇÃO DE EMPRESA ESPECIALIZADA NA PRESTAÇÃO DE SERVIÇOS DE LOCAÇÃO DE ESTRUTURAS COM MONTAGEM E DESMONTAGEM, EM ATENDIMENTO AO 4º FESTIVAL CANAA CIDADE JUNINA QUE SERÁ REA","[Portal de Compras Públicas] - REGISTRO DE PREÇOS PARA FUTURA E EVENTUAL CONTRATAÇÃO DE EMPRESA ESPECIALIZADA NA PRESTAÇÃO DE SERVIÇOS DE LOCAÇÃO DE ESTRUTURAS COM MONTAGEM E DESMONTAGEM, EM ATENDIMENTO AO 4º FESTIVAL CANAA CIDADE JUNINA QUE SERÁ REALIZADO PELA FUNDAÇÃO MUNICIPAL DE CULTURA, ESPORTE E LAZER DE CANAÃ DOS CARAJÁS, ESTADO DO PARÁ, Pregão - Eletrônico",https://portaldecompraspublicas.com.br/processos/PA/Fundacao-Municipal-de-Cultura-Esporte-e-Lazer-de-Canaa-dos-Carajas-1733/RPE-009-2025-2025-377078,PNCP Defesa,2025-05-09,2025-05-23,Divulgada no PNCP,"R$ 11.284.565,76",contratacoes_publicas_defesa,Pregão - Eletrônico,contrato_publico,"{'regiao': 'brasil', 'setor_estrategico': ['defesa', 'seguranca_nacional'], 'subtema': [], 'area_cientifica': [], 'area_tecnologica': [], 'tipo_oportunidade': 'compra_publica', 'empresa_prime': '', 'orgao_contratante': '', 'pais': 'Brasil', 'idioma_original': '', 'titulo_original': '', 'descricao_original': '', 'titulo_traduzido': '', 'descricao_traduzida': '', 'orgao_responsavel': '', 'instituicao': '', 'numero_edital': '11690164000104-1-000015/2025', 'numero_chamada': '009', 'numero_processo': '005/2025-SRP', 'codigo_oportunidade': '11690164000104-1-000015/2025', 'modalidade': 'Pregão - Eletrônico', 'publico_alvo': ['fornecedores', 'empresas', 'defesa'], 'elegibilidade': '', 'objetivo': '[Portal de Compras Públicas] - REGISTRO DE PREÇOS PARA FUTURA E EVENTUAL CONTRATAÇÃO DE EMPRESA ESPECIALIZADA NA PRESTAÇÃO DE SERVIÇOS DE LOCAÇÃO DE ESTRUTURAS COM MONTAGEM E DESMONTAGEM, EM ATENDIMENTO AO 4º FESTIVAL CANAA CIDADE JUNINA QUE SERÁ REALIZADO PELA FUNDAÇÃO MUNICIPAL DE CULTURA, ESPORTE E LAZER DE CANAÃ DOS CARAJÁS, ESTADO DO PARÁ,', 'escopo': '', 'itens_financiaveis': [], 'itens_nao_financiaveis': [], 'valor_total': 'R$ 11.284.565,76', 'valor_por_projeto': '', 'contrapartida': '', 'prazo_execucao': '', 'cronograma': [], 'documentos': [{'nome': 'Sistema de origem', 'url': 'https://portaldecompraspublicas.com.br/processos/PA/Fundacao-Municipal-de-Cultura-Esporte-e-Lazer-de-Canaa-dos-Carajas-1733/RPE-009-2025-2025-377078'}], 'pdf_url': '', 'pdf_texto_extraido': '', 'pdf_resumo': '', 'data_publicacao_original': '', 'fim_inscricao_original': '', 'prazo_submissao_original': '', 'metodo_extracao': 'api_pncp_defesa', 'url_listagem': 'https://pncp.gov.br/api/consulta/v1/contratacoes/publicacao', 'url_detalhe': 'https://portaldecompraspublicas.com.br/processos/PA/Fundacao-Municipal-de-Cultura-Esporte-e-Lazer-de-Canaa-dos-Carajas-1733/RPE-009-2025-2025-377078', 'nivel_sensibilidade': 'publico_institucional', 'contexto_sensivel_detectado': False, 'marcadores_contexto_sensivel': [], 'origem': 'https://portaldecompraspublicas.com.br/processos/PA/Fundacao-Municipal-de-Cultura-Esporte-e-Lazer-de-Canaa-dos-Carajas-1733/RPE-009-2025-2025-377078', 'palavras_chave_detectadas': [], 'necessita_traducao': False, 'observacoes': '', 'area': [], 'tipo_recurso': 'contrato_publico', 'natureza_recurso': 'contratacao_publica', 'publico_alvo_texto': 'fornecedores; empresas; defesa', 'setor_economico': ['defesa', 'compras_publicas'], 'estado': '', 'municipio': '', 'regiao_atendida': [], 'valor_minimo': '', 'valor_maximo': '', 'faixa_valor': '', 'reembolsavel': None, 'numero_programa': '', 'documentos_exigidos': [], 'numero_controle_pncp': '11690164000104-1-000015/2025', 'thematic_tags': [], 'thematic_confidence': 0.0, 'metodo_classificacao': 'crawler_hints', 'classificacao_confianca': 'baixa', 'orgao_cnpj': None, 'unidade_nome': None, 'amparo_legal': None, 'coletado_em': '2026-05-09'}"
[Portal de Compras Públicas] - REGISTRO DE PREÇO PARA AQUISIÇÃO DE MEDICAMENTOS DE USO HOSPITALAR,[Portal de Compras Públicas] - REGISTRO DE PREÇO PARA AQUISIÇÃO DE MEDICAMENTOS DE USO HOSPITALAR Pregão - Eletrônico,https://portaldecompraspublicas.com.br/processos/RN/Municipio-de-Olho-DAgua-do-Borges-1906/RPE-7-2025-2025-387086,PNCP Defesa,2025-05-09,2025-05-21,Divulgada no PNCP,"R$ 3.441.725,00",contratacoes_publicas_defesa,Pregão - Eletrônico,contrato_publico,"{'regiao': 'brasil', 'setor_estrategico': ['defesa', 'seguranca_nacional'], 'subtema': ['aeroespacial'], 'area_cientifica': [], 'area_tecnologica': [], 'tipo_oportunidade': 'compra_publica', 'empresa_prime': '', 'orgao_contratante': '', 'pais': 'Brasil', 'idioma_original': '', 'titulo_original': '', 'descricao_original': '', 'titulo_traduzido': '', 'descricao_traduzida': '', 'orgao_responsavel': '', 'instituicao': '', 'numero_edital': '08349029000195-1-000008/2025', 'numero_chamada': '7', 'numero_processo': '39', 'codigo_oportunidade': '08349029000195-1-000008/2025', 'modalidade': 'Pregão - Eletrônico', 'publico_alvo': ['fornecedores', 'empresas', 'defesa'], 'elegibilidade': '', 'objetivo': '[Portal de Compras Públicas] - REGISTRO DE PREÇO PARA AQUISIÇÃO DE MEDICAMENTOS DE USO HOSPITALAR', 'escopo': '', 'itens_financiaveis': [], 'itens_nao_financiaveis': [], 'valor_total': 'R$ 3.441.725,00', 'valor_por_projeto': '', 'contrapartida': '', 'prazo_execucao': '', 'cronograma': [], 'documentos': [{'nome': 'Sistema de origem', 'url': 'https://portaldecompraspublicas.com.br/processos/RN/Municipio-de-Olho-DAgua-do-Borges-1906/RPE-7-2025-2025-387086'}], 'pdf_url': '', 'pdf_texto_extraido': '', 'pdf_resumo': '', 'data_publicacao_original': '', 'fim_inscricao_original': '', 'prazo_submissao_original': '', 'metodo_extracao': 'api_pncp_defesa', 'url_listagem': 'https://pncp.gov.br/api/consulta/v1/contratacoes/publicacao', 'url_detalhe': 'https://portaldecompraspublicas.com.br/processos/RN/Municipio-de-Olho-DAgua-do-Borges-1906/RPE-7-2025-2025-387086', 'nivel_sensibilidade': 'publico_institucional', 'contexto_sensivel_detectado': False, 'marcadores_contexto_sensivel': [], 'origem': 'https://portaldecompraspublicas.com.br/processos/RN/Municipio-de-Olho-DAgua-do-Borges-1906/RPE-7-2025-2025-387086', 'palavras_chave_detectadas': ['aeroespacial'], 'necessita_traducao': False, 'observacoes': '', 'area': [], 'tipo_recurso': 'contrato_publico', 'natureza_recurso': 'contratacao_publica', 'publico_alvo_texto': 'fornecedores; empresas; defesa', 'setor_economico': ['defesa', 'compras_publicas'], 'estado': '', 'municipio': '', 'regiao_atendida': [], 'valor_minimo': '', 'valor_maximo': '', 'faixa_valor': '', 'reembolsavel': None, 'numero_programa': '', 'documentos_exigidos': [], 'numero_controle_pncp': '08349029000195-1-000008/2025', 'thematic_tags': ['aeroespacial'], 'thematic_confidence': 0.44999999999999996, 'metodo_classificacao': 'crawler_hints', 'classificacao_confianca': 'media', 'orgao_cnpj': None, 'unidade_nome': None, 'amparo_legal': None, 'coletado_em': '2026-05-09'}"
"Registro de Preços para eventual e futura Aquisição de serviços de 
Locação de Carro Tanque (Caminhão Pipa) para atender as necessidades de Transporte de Água no 
Município","Registro de Preços para eventual e futura Aquisição de serviços de 
Locação de Carro Tanque (Caminhão Pipa) para atender as necessidades de Transporte de Água no 
Município Pregão - Eletrônico",https://bllcompras.com/Process/ProcessView,PNCP Defesa,2025-05-09,2025-05-20,Divulgada no PNCP,,contratacoes_publicas_defesa,Pregão - Eletrônico,contrato_publico,"{'regiao': 'brasil', 'setor_estrategico': ['defesa', 'seguranca_nacional'], 'subtema': [], 'area_cientifica': [], 'area_tecnologica': [], 'tipo_oportunidade': 'compra_publica', 'empresa_prime': '', 'orgao_contratante': '', 'pais': 'Brasil', 'idioma_original': '', 'titulo_original': '', 'descricao_original': '', 'titulo_traduzido': '', 'descricao_traduzida': '', 'orgao_responsavel': '', 'instituicao': '', 'numero_edital': '16418709000141-1-000002/2025', 'numero_chamada': '014', 'numero_processo': ' 087/2025 ', 'codigo_oportunidade': '16418709000141-1-000002/2025', 'modalidade': 'Pregão - Eletrônico', 'publico_alvo': ['fornecedores', 'empresas', 'defesa'], 'elegibilidade': '', 'objetivo': 'Registro de Preços para eventual e futura Aquisição de serviços de \r\nLocação de Carro Tanque (Caminhão Pipa) para atender as necessidades de Transporte de Água no \r\nMunicípio', 'escopo': '', 'itens_financiaveis': [], 'itens_nao_financiaveis': [], 'valor_total': '', 'valor_por_projeto': '', 'contrapartida': '', 'prazo_execucao': '', 'cronograma': [], 'documentos': [{'nome': 'Sistema de origem', 'url': 'https://bllcompras.com/Process/ProcessView?param1=[gkz]PID5p1dj_D_6a/AhYvhkcd_Q0jArVJVnXDwsECQoQUXk7wYFCJAlBjQkM731hPTQ4rmLcLUBJyY14SYfhmSDk2_pgQMy7tC8uRXvoHFkqxQ='}], 'pdf_url': '', 'pdf_texto_extraido': '', 'pdf_resumo': '', 'data_publicacao_original': '', 'fim_inscricao_original': '', 'prazo_submissao_original': '', 'metodo_extracao': 'api_pncp_defesa', 'url_listagem': 'https://pncp.gov.br/api/consulta/v1/contratacoes/publicacao', 'url_detalhe': 'https://bllcompras.com/Process/ProcessView', 'nivel_sensibilidade': 'publico_institucional', 'contexto_sensivel_detectado': False, 'marcadores_contexto_sensivel': [], 'origem': 'https://bllcompras.com/Process/ProcessView', 'palavras_chave_detectadas': [], 'necessita_traducao': False, 'observacoes': '', 'area': [], 'tipo_recurso': 'contrato_publico', 'natureza_recurso': 'contratacao_publica', 'publico_alvo_texto': 'fornecedores; empresas; defesa', 'setor_economico': ['defesa', 'compras_publicas'], 'estado': '', 'municipio': '', 'regiao_atendida': [], 'valor_minimo': '', 'valor_maximo': '', 'faixa_valor': '', 'reembolsavel': None, 'numero_programa': '', 'documentos_exigidos': [], 'numero_controle_pncp': '16418709000141-1-000002/2025', 'thematic_tags': [], 'thematic_confidence': 0.0, 'metodo_classificacao': 'crawler_hints', 'classificacao_confianca': 'baixa', 'orgao_cnpj': None, 'unidade_nome': None, 'amparo_legal': None, 'coletado_em': '2026-05-09'}"
Registro de Preços para aquisição de FÓRMULAS E SUPLEMENTOS destinados à Secretaria de Saúde do Poder Executivo do Município de Santa Cruz do Capibaribe - PE.,Registro de Preços para aquisição de FÓRMULAS E SUPLEMENTOS destinados à Secretaria de Saúde do Poder Executivo do Município de Santa Cruz do Capibaribe - PE. Pregão - Eletrônico,https://bnccompras.com/Process/ProcessView,PNCP Defesa,2025-05-09,2025-05-22,Divulgada no PNCP,"R$ 904.757,90",contratacoes_publicas_defesa,Pregão - Eletrônico,contrato_publico,"{'regiao': 'brasil', 'setor_estrategico': ['defesa', 'seguranca_nacional'], 'subtema': [], 'area_cientifica': [], 'area_tecnologica': [], 'tipo_oportunidade': 'compra_publica', 'empresa_prime': '', 'orgao_contratante': '', 'pais': 'Brasil', 'idioma_original': '', 'titulo_original': '', 'descricao_original': '', 'titulo_traduzido': '', 'descricao_traduzida': '', 'orgao_responsavel': '', 'instituicao': '', 'numero_edital': '11196515000125-1-000013/2025', 'numero_chamada': '002', 'numero_processo': '006/2025', 'codigo_oportunidade': '11196515000125-1-000013/2025', 'modalidade': 'Pregão - Eletrônico', 'publico_alvo': ['fornecedores', 'empresas', 'defesa'], 'elegibilidade': '', 'objetivo': 'Registro de Preços para aquisição de FÓRMULAS E SUPLEMENTOS destinados à Secretaria de Saúde do Poder Executivo do Município de Santa Cruz do Capibaribe - PE.', 'escopo': '', 'itens_financiaveis': [], 'itens_nao_financiaveis': [], 'valor_total': 'R$ 904.757,90', 'valor_por_projeto': '', 'contrapartida': '', 'prazo_execucao': '', 'cronograma': [], 'documentos': [{'nome': 'Sistema de origem', 'url': 'https://bnccompras.com/Process/ProcessView?param1=[gkz]lxYykq5dlLzuIUiqbl/F9A/6_YjP8EO0sLRLgEgWV0PgAgrPQ7nCtdxmNuDU2pXDB5ivos21Sf5OTsg6UfzntnbFE44yA0vps5w7FZsF4GI='}], 'pdf_url': '', 'pdf_texto_extraido': '', 'pdf_resumo': '', 'data_publicacao_original': '', 'fim_inscricao_original': '', 'prazo_submissao_original': '', 'metodo_extracao': 'api_pncp_defesa', 'url_listagem': 'https://pncp.gov.br/api/consulta/v1/contratacoes/publicacao', 'url_detalhe': 'https://bnccompras.com/Process/ProcessView', 'nivel_sensibilidade': 'publico_institucional', 'contexto_sensivel_detectado': False, 'marcadores_contexto_sensivel': [], 'origem': 'https://bnccompras.com/Process/ProcessView', 'palavras_chave_detectadas': [], 'necessita_traducao': False, 'observacoes': '', 'area': [], 'tipo_recurso': 'contrato_publico', 'natureza_recurso': 'contratacao_publica', 'publico_alvo_texto': 'fornecedores; empresas; defesa', 'setor_economico': ['defesa', 'compras_publicas'], 'estado': '', 'municipio': '', 'regiao_atendida': [], 'valor_minimo': '', 'valor_maximo': '', 'faixa_valor': '', 'reembolsavel': None, 'numero_programa': '', 'documentos_exigidos': [], 'numero_controle_pncp': '11196515000125-1-000013/2025', 'thematic_tags': [], 'thematic_confidence': 0.0, 'metodo_classificacao': 'crawler_hints', 'classificacao_confianca': 'baixa', 'orgao_cnpj': None, 'unidade_nome': None, 'amparo_legal': None, 'coletado_em': '2026-05-09'}"
[LICITANET] - REGISTRO DE PREÇOS PARA AQUISIÇÃO DE MATERIAL DE LIMPEZA HOSPITALAR PARA ATENDER AS NECESSIDADES DA SECRETARIA MUNICIPAL DE SAÚDE DE RIO REAL/BA,[LICITANET] - REGISTRO DE PREÇOS PARA AQUISIÇÃO DE MATERIAL DE LIMPEZA HOSPITALAR PARA ATENDER AS NECESSIDADES DA SECRETARIA MUNICIPAL DE SAÚDE DE RIO REAL/BA Pregão - Eletrônico,https://portal.licitanet.com.br/acesso-visitante/Wkpha2xwaW0=,PNCP Defesa,2025-05-09,2025-05-21,Revogada,"R$ 955.041,96",contratacoes_publicas_defesa,Pregão - Eletrônico,contrato_publico,"{'regiao': 'brasil', 'setor_estrategico': ['defesa', 'seguranca_nacional'], 'subtema': ['aeroespacial'], 'area_cientifica': [], 'area_tecnologica': [], 'tipo_oportunidade': 'compra_publica', 'empresa_prime': '', 'orgao_contratante': '', 'pais': 'Brasil', 'idioma_original': '', 'titulo_original': '', 'descricao_original': '', 'titulo_traduzido': '', 'descricao_traduzida': '', 'orgao_responsavel': '', 'instituicao': '', 'numero_edital': '15088800000183-1-000085/2025', 'numero_chamada': '033', 'numero_processo': '155/2025', 'codigo_oportunidade': '15088800000183-1-000085/2025', 'modalidade': 'Pregão - Eletrônico', 'publico_alvo': ['fornecedores', 'empresas', 'defesa'], 'elegibilidade': '', 'objetivo': '[LICITANET] - REGISTRO DE PREÇOS PARA AQUISIÇÃO DE MATERIAL DE LIMPEZA HOSPITALAR PARA ATENDER AS NECESSIDADES DA SECRETARIA MUNICIPAL DE SAÚDE DE RIO REAL/BA', 'escopo': '', 'itens_financiaveis': [], 'itens_nao_financiaveis': [], 'valor_total': 'R$ 955.041,96', 'valor_por_projeto': '', 'contrapartida': '', 'prazo_execucao': '', 'cronograma': [], 'documentos': [{'nome': 'Sistema de origem', 'url': 'https://portal.licitanet.com.br/acesso-visitante/Wkpha2xwaW0='}], 'pdf_url': '', 'pdf_texto_extraido': '', 'pdf_resumo': '', 'data_publicacao_original': '', 'fim_inscricao_original': '', 'prazo_submissao_original': '', 'metodo_extracao': 'api_pncp_defesa', 'url_listagem': 'https://pncp.gov.br/api/consulta/v1/contratacoes/publicacao', 'url_detalhe': 'https://portal.licitanet.com.br/acesso-visitante/Wkpha2xwaW0=', 'nivel_sensibilidade': 'publico_institucional', 'contexto_sensivel_detectado': False, 'marcadores_contexto_sensivel': [], 'origem': 'https://portal.licitanet.com.br/acesso-visitante/Wkpha2xwaW0=', 'palavras_chave_detectadas': ['aeroespacial'], 'necessita_traducao': False, 'observacoes': '', 'area': [], 'tipo_recurso': 'contrato_publico', 'natureza_recurso': 'contratacao_publica', 'publico_alvo_texto': 'fornecedores; empresas; defesa', 'setor_economico': ['defesa', 'compras_publicas'], 'estado': '', 'municipio': '', 'regiao_atendida': [], 'valor_minimo': '', 'valor_maximo': '', 'faixa_valor': '', 'reembolsavel': None, 'numero_programa': '', 'documentos_exigidos': [], 'numero_controle_pncp': '15088800000183-1-000085/2025', 'thematic_tags': ['aeroespacial'], 'thematic_confidence': 0.44999999999999996, 'metodo_classificacao': 'crawler_hints', 'classificacao_confianca': 'media', 'orgao_cnpj': None, 'unidade_nome': None, 'amparo_legal': None, 'coletado_em': '2026-05-09'}"
"REGISTRO DE PREÇOS PARA FUTURA E EVENTUAL AQUISIÇÃO DE MATERIAL DE CONSTRUÇÃO, HIDRÁULICO E ELÉTRICO, PARA ATENDER AS NECESSIDADES DAS UNIDADES GESTORAS DO MUNICÍPIO DE TAUÁ - CE","REGISTRO DE PREÇOS PARA FUTURA E EVENTUAL AQUISIÇÃO DE MATERIAL DE CONSTRUÇÃO, HIDRÁULICO E ELÉTRICO, PARA ATENDER AS NECESSIDADES DAS UNIDADES GESTORAS DO MUNICÍPIO DE TAUÁ - CE Pregão - Eletrônico",https://pncp.gov.br/app/editais/07849532000147-1-000038/2025,PNCP Defesa,2025-05-09,2025-05-22,Divulgada no PNCP,"R$ 5.069.106,12",contratacoes_publicas_defesa,Pregão - Eletrônico,contrato_publico,"{'regiao': 'brasil', 'setor_estrategico': ['defesa', 'seguranca_nacional'], 'subtema': [], 'area_cientifica': [], 'area_tecnologica': [], 'tipo_oportunidade': 'compra_publica', 'empresa_prime': '', 'orgao_contratante': '', 'pais': 'Brasil', 'idioma_original': '', 'titulo_original': '', 'descricao_original': '', 'titulo_traduzido': '', 'descricao_traduzida': '', 'orgao_responsavel': '', 'instituicao': '', 'numero_edital': '07849532000147-1-000038/2025', 'numero_chamada': '08.05.001/2025-GM', 'numero_processo': '07.05.002/2025-GM', 'codigo_oportunidade': '07849532000147-1-000038/2025', 'modalidade': 'Pregão - Eletrônico', 'publico_alvo': ['fornecedores', 'empresas', 'defesa'], 'elegibilidade': '', 'objetivo': 'REGISTRO DE PREÇOS PARA FUTURA E EVENTUAL AQUISIÇÃO DE MATERIAL DE CONSTRUÇÃO, HIDRÁULICO E ELÉTRICO, PARA ATENDER AS NECESSIDADES DAS UNIDADES GESTORAS DO MUNICÍPIO DE TAUÁ - CE', 'escopo': '', 'itens_financiaveis': [], 'itens_nao_financiaveis': [], 'valor_total': 'R$ 5.069.106,12', 'valor_por_projeto': '', 'contrapartida': '', 'prazo_execucao': '', 'cronograma': [], 'documentos': [], 'pdf_url': '', 'pdf_texto_extraido': '', 'pdf_resumo': '', 'data_publicacao_original': '', 'fim_inscricao_original': '', 'prazo_submissao_original': '', 'metodo_extracao': 'api_pncp_defesa', 'url_listagem': 'https://pncp.gov.br/api/consulta/v1/contratacoes/publicacao', 'url_detalhe': 'https://pncp.gov.br/app/editais/07849532000147-1-000038/2025', 'nivel_sensibilidade': 'publico_institucional', 'contexto_sensivel_detectado': False, 'marcadores_contexto_sensivel': [], 'origem': 'https://pncp.gov.br/app/editais/07849532000147-1-000038/2025', 'palavras_chave_detectadas': [], 'necessita_traducao': False, 'observacoes': '', 'area': [], 'tipo_recurso': 'contrato_publico', 'natureza_recurso': 'contratacao_publica', 'publico_alvo_texto': 'fornecedores; empresas; defesa', 'setor_economico': ['defesa', 'compras_publicas'], 'estado': '', 'municipio': '', 'regiao_atendida': [], 'valor_minimo': '', 'valor_maximo': '', 'faixa_valor': '', 'reembolsavel': None, 'numero_programa': '', 'documentos_exigidos': [], 'numero_controle_pncp': '07849532000147-1-000038/2025', 'thematic_tags': [], 'thematic_confidence': 0.0, 'metodo_classificacao': 'crawler_hints', 'classificacao_confianca': 'baixa', 'orgao_cnpj': None, 'unidade_nome': None, 'amparo_legal': None, 'coletado_em': '2026-05-09'}"
"[Portal de Compras Públicas] - AQUISICAO DE CAMINHOES PIPA, PARA ATENDER AO ABASTECIMENTO DE AGUA NO MUNICIPIO DE SAO MATEUS/ES","[Portal de Compras Públicas] - AQUISICAO DE CAMINHOES PIPA, PARA ATENDER AO ABASTECIMENTO DE AGUA NO MUNICIPIO DE SAO MATEUS/ES Pregão - Eletrônico",https://portaldecompraspublicas.com.br/processos/ES/Prefeitura-Municipal-de-Sao-Mateus-4390/PE-000009-2025-2025-386629,PNCP Defesa,2025-05-09,2025-05-21,Divulgada no PNCP,"R$ 3.558.741,30",contratacoes_publicas_defesa,Pregão - Eletrônico,contrato_publico,"{'regiao': 'brasil', 'setor_estrategico': ['defesa', 'seguranca_nacional'], 'subtema': [], 'area_cientifica': [], 'area_tecnologica': [], 'tipo_oportunidade': 'compra_publica', 'empresa_prime': '', 'orgao_contratante': '', 'pais': 'Brasil', 'idioma_original': '', 'titulo_original': '', 'descricao_original': '', 'titulo_traduzido': '', 'descricao_traduzida': '', 'orgao_responsavel': '', 'instituicao': '', 'numero_edital': '27167477000112-1-000212/2025', 'numero_chamada': '000009', 'numero_processo': '008195/2025', 'codigo_oportunidade': '27167477000112-1-000212/2025', 'modalidade': 'Pregão - Eletrônico', 'publico_alvo': ['fornecedores', 'empresas', 'defesa'], 'elegibilidade': '', 'objetivo': '[Portal de Compras Públicas] - AQUISICAO DE CAMINHOES PIPA, PARA ATENDER AO ABASTECIMENTO DE AGUA NO MUNICIPIO DE SAO MATEUS/ES', 'escopo': '', 'itens_financiaveis': [], 'itens_nao_financiaveis': [], 'valor_total': 'R$ 3.558.741,30', 'valor_por_projeto': '', 'contrapartida': '', 'prazo_execucao': '', 'cronograma': [], 'documentos': [{'nome': 'Sistema de origem', 'url': 'https://portaldecompraspublicas.com.br/processos/ES/Prefeitura-Municipal-de-Sao-Mateus-4390/PE-000009-2025-2025-386629'}], 'pdf_url': '', 'pdf_texto_extraido': '', 'pdf_resumo': '', 'data_publicacao_original': '', 'fim_inscricao_original': '', 'prazo_submissao_original': '', 'metodo_extracao': 'api_pncp_defesa', 'url_listagem': 'https://pncp.gov.br/api/consulta/v1/contratacoes/publicacao', 'url_detalhe': 'https://portaldecompraspublicas.com.br/processos/ES/Prefeitura-Municipal-de-Sao-Mateus-4390/PE-000009-2025-2025-386629', 'nivel_sensibilidade': 'publico_institucional', 'contexto_sensivel_detectado': False, 'marcadores_contexto_sensivel': [], 'origem': 'https://portaldecompraspublicas.com.br/processos/ES/Prefeitura-Municipal-de-Sao-Mateus-4390/PE-000009-2025-2025-386629', 'palavras_chave_detectadas': [], 'necessita_traducao': False, 'observacoes': '', 'area': [], 'tipo_recurso': 'contrato_publico', 'natureza_recurso': 'contratacao_publica', 'publico_alvo_texto': 'fornecedores; empresas; defesa', 'setor_economico': ['defesa', 'compras_publicas'], 'estado': '', 'municipio': '', 'regiao_atendida': [], 'valor_minimo': '', 'valor_maximo': '', 'faixa_valor': '', 'reembolsavel': None, 'numero_programa': '', 'documentos_exigidos': [], 'numero_controle_pncp': '27167477000112-1-000212/2025', 'thematic_tags': [], 'thematic_confidence': 0.0, 'metodo_classificacao': 'crawler_hints', 'classificacao_confianca': 'baixa', 'orgao_cnpj': None, 'unidade_nome': None, 'amparo_legal': None, 'coletado_em': '2026-05-09'}"
"Aquisição regular de medicamento(s) AMICACINA (SULFATO) SOLUCAO INJETAVEL 50 MG/ML AMPOLA 2 ML e outros, em sistema de registro de preços, para atender às necessidades da Secretaria de Saúde – DF.","Aquisição regular de medicamento(s) AMICACINA (SULFATO) SOLUCAO INJETAVEL 50 MG/ML AMPOLA 2 ML e outros, em sistema de registro de preços, para atender às necessidades da Secretaria de Saúde – DF.  Para as respostas de esclarecimentos e impugnações deste edital acesse o link: https://cnetmobile.estaleiro.serpro.gov.br/comprasnet-web/public/landing?destino=quadro-informativo&compra=92611905901052025 Pregão - Eletrônico",https://cnetmobile.estaleiro.serpro.gov.br/comprasnet-web/public/landing,PNCP Defesa,2025-05-09,2025-05-21,Divulgada no PNCP,"R$ 2.639.283,98",contratacoes_publicas_defesa,Pregão - Eletrônico,contrato_publico,"{'regiao': 'brasil', 'setor_estrategico': ['defesa', 'seguranca_nacional'], 'subtema': ['aeroespacial'], 'area_cientifica': [], 'area_tecnologica': [], 'tipo_oportunidade': 'compra_publica', 'empresa_prime': '', 'orgao_contratante': '', 'pais': 'Brasil', 'idioma_original': '', 'titulo_original': '', 'descricao_original': '', 'titulo_traduzido': '', 'descricao_traduzida': '', 'orgao_responsavel': '', 'instituicao': '', 'numero_edital': '00394700000108-1-000186/2025', 'numero_chamada': '90105', 'numero_processo': '060360262/2024-92', 'codigo_oportunidade': '00394700000108-1-000186/2025', 'modalidade': 'Pregão - Eletrônico', 'publico_alvo': ['fornecedores', 'empresas', 'defesa'], 'elegibilidade': '', 'objetivo': 'Aquisição regular de medicamento(s) AMICACINA (SULFATO) SOLUCAO INJETAVEL 50 MG/ML AMPOLA 2 ML e outros, em sistema de registro de preços, para atender às necessidades da Secretaria de Saúde – DF.', 'escopo': ' Para as respostas de esclarecimentos e impugnações deste edital acesse o link: https://cnetmobile.estaleiro.serpro.gov.br/comprasnet-web/public/landing?destino=quadro-informativo&compra=92611905901052025', 'itens_financiaveis': [], 'itens_nao_financiaveis': [], 'valor_total': 'R$ 2.639.283,98', 'valor_por_projeto': '', 'contrapartida': '', 'prazo_execucao': '', 'cronograma': [], 'documentos': [{'nome': 'Sistema de origem', 'url': 'https://cnetmobile.estaleiro.serpro.gov.br/comprasnet-web/public/landing?destino=acompanhamento-compra&compra=92611905901052025'}], 'pdf_url': '', 'pdf_texto_extraido': '', 'pdf_resumo': '', 'data_publicacao_original': '', 'fim_inscricao_original': '', 'prazo_submissao_original': '', 'metodo_extracao': 'api_pncp_defesa', 'url_listagem': 'https://pncp.gov.br/api/consulta/v1/contratacoes/publicacao', 'url_detalhe': 'https://cnetmobile.estaleiro.serpro.gov.br/comprasnet-web/public/landing', 'nivel_sensibilidade': 'publico_institucional', 'contexto_sensivel_detectado': False, 'marcadores_contexto_sensivel': [], 'origem': 'https://cnetmobile.estaleiro.serpro.gov.br/comprasnet-web/public/landing', 'palavras_chave_detectadas': ['aeroespacial'], 'necessita_traducao': False, 'observacoes': '', 'area': [], 'tipo_recurso': 'contrato_publico', 'natureza_recurso': 'contratacao_publica', 'publico_alvo_texto': 'fornecedores; empresas; defesa', 'setor_economico': ['defesa', 'compras_publicas'], 'estado': '', 'municipio': '', 'regiao_atendida': [], 'valor_minimo': '', 'valor_maximo': '', 'faixa_valor': '', 'reembolsavel': None, 'numero_programa': '', 'documentos_exigidos': [], 'numero_controle_pncp': '00394700000108-1-000186/2025', 'thematic_tags': ['aeroespacial'], 'thematic_confidence': 0.44999999999999996, 'metodo_classificacao': 'crawler_hints', 'classificacao_confianca': 'media', 'orgao_cnpj': None, 'unidade_nome': None, 'amparo_legal': None, 'coletado_em': '2026-05-09'}"
[LICITANET] - Contratação de empresa para aquisição de 01 caminhão (zero quilômetro) com equipamento de sucção (limpa fossa)  para atender as demandas de retiradas de resíduos das ETES do município de Manhuaçu/MG.,[LICITANET] - Contratação de empresa para aquisição de 01 caminhão (zero quilômetro) com equipamento de sucção (limpa fossa)  para atender as demandas de retiradas de resíduos das ETES do município de Manhuaçu/MG. Pregão - Eletrônico,https://portal.licitanet.com.br/acesso-visitante/Wkpha2xaaWo=,PNCP Defesa,2025-05-09,2025-05-22,Divulgada no PNCP,"R$ 533.339,61",contratacoes_publicas_defesa,Pregão - Eletrônico,contrato_publico,"{'regiao': 'brasil', 'setor_estrategico': ['defesa', 'seguranca_nacional'], 'subtema': ['aeroespacial'], 'area_cientifica': [], 'area_tecnologica': [], 'tipo_oportunidade': 'compra_publica', 'empresa_prime': '', 'orgao_contratante': '', 'pais': 'Brasil', 'idioma_original': '', 'titulo_original': '', 'descricao_original': '', 'titulo_traduzido': '', 'descricao_traduzida': '', 'orgao_responsavel': '', 'instituicao': '', 'numero_edital': '22050561000138-1-000070/2025', 'numero_chamada': '16', 'numero_processo': '37', 'codigo_oportunidade': '22050561000138-1-000070/2025', 'modalidade': 'Pregão - Eletrônico', 'publico_alvo': ['fornecedores', 'empresas', 'defesa'], 'elegibilidade': '', 'objetivo': '[LICITANET] - Contratação de empresa para aquisição de 01 caminhão (zero quilômetro) com equipamento de sucção (limpa fossa)  para atender as demandas de retiradas de resíduos das ETES do município de Manhuaçu/MG.', 'escopo': '', 'itens_financiaveis': [], 'itens_nao_financiaveis': [], 'valor_total': 'R$ 533.339,61', 'valor_por_projeto': '', 'contrapartida': '', 'prazo_execucao': '', 'cronograma': [], 'documentos': [{'nome': 'Sistema de origem', 'url': 'https://portal.licitanet.com.br/acesso-visitante/Wkpha2xaaWo='}], 'pdf_url': '', 'pdf_texto_extraido': '', 'pdf_resumo': '', 'data_publicacao_original': '', 'fim_inscricao_original': '', 'prazo_submissao_original': '', 'metodo_extracao': 'api_pncp_defesa', 'url_listagem': 'https://pncp.gov.br/api/consulta/v1/contratacoes/publicacao', 'url_detalhe': 'https://portal.licitanet.com.br/acesso-visitante/Wkpha2xaaWo=', 'nivel_sensibilidade': 'publico_institucional', 'contexto_sensivel_detectado': False, 'marcadores_contexto_sensivel': [], 'origem': 'https://portal.licitanet.com.br/acesso-visitante/Wkpha2xaaWo=', 'palavras_chave_detectadas': ['aeroespacial'], 'necessita_traducao': False, 'observacoes': '', 'area': [], 'tipo_recurso': 'contrato_publico', 'natureza_recurso': 'contratacao_publica', 'publico_alvo_texto': 'fornecedores; empresas; defesa', 'setor_economico': ['defesa', 'compras_publicas'], 'estado': '', 'municipio': '', 'regiao_atendida': [], 'valor_minimo': '', 'valor_maximo': '', 'faixa_valor': '', 'reembolsavel': None, 'numero_programa': '', 'documentos_exigidos': [], 'numero_controle_pncp': '22050561000138-1-000070/2025', 'thematic_tags': ['aeroespacial'], 'thematic_confidence': 0.44999999999999996, 'metodo_classificacao': 'crawler_hints', 'classificacao_confianca': 'media', 'orgao_cnpj': None, 'unidade_nome': None, 'amparo_legal': None, 'coletado_em': '2026-05-09'}"
"[Portal de Compras Públicas] - Fornecimento de combustíveis líquidos (gasolina comum e óleo diesel S-10), destinados ao abastecimento dos veículos de propriedade e os eventualmente locados da Câmara Municipal de Xinguara / PA.","[Portal de Compras Públicas] - Fornecimento de combustíveis líquidos (gasolina comum e óleo diesel S-10), destinados ao abastecimento dos veículos de propriedade e os eventualmente locados da Câmara Municipal de Xinguara / PA. Pregão - Eletrônico",https://portaldecompraspublicas.com.br/processos/PA/Camara-Municipal-de-Xinguara-2250/PE-02-2025-CMX-2025-2025-382993,PNCP Defesa,2025-05-09,2025-05-22,Divulgada no PNCP,"R$ 137.608,51",contratacoes_publicas_defesa,Pregão - Eletrônico,contrato_publico,"{'regiao': 'brasil', 'setor_estrategico': ['defesa', 'seguranca_nacional'], 'subtema': [], 'area_cientifica': [], 'area_tecnologica': [], 'tipo_oportunidade': 'compra_publica', 'empresa_prime': '', 'orgao_contratante': '', 'pais': 'Brasil', 'idioma_original': '', 'titulo_original': '', 'descricao_original': '', 'titulo_traduzido': '', 'descricao_traduzida': '', 'orgao_responsavel': '', 'instituicao': '', 'numero_edital': '04344819000127-1-000011/2025', 'numero_chamada': '02/2025/CMX', 'numero_processo': '09/2025/CMX', 'codigo_oportunidade': '04344819000127-1-000011/2025', 'modalidade': 'Pregão - Eletrônico', 'publico_alvo': ['fornecedores', 'empresas', 'defesa'], 'elegibilidade': '', 'objetivo': '[Portal de Compras Públicas] - Fornecimento de combustíveis líquidos (gasolina comum e óleo diesel S-10), destinados ao abastecimento dos veículos de propriedade e os eventualmente locados da Câmara Municipal de Xinguara / PA.', 'escopo': '', 'itens_financiaveis': [], 'itens_nao_financiaveis': [], 'valor_total': 'R$ 137.608,51', 'valor_por_projeto': '', 'contrapartida': '', 'prazo_execucao': '', 'cronograma': [], 'documentos': [{'nome': 'Sistema de origem', 'url': 'https://portaldecompraspublicas.com.br/processos/PA/Camara-Municipal-de-Xinguara-2250/PE-02-2025-CMX-2025-2025-382993'}], 'pdf_url': '', 'pdf_texto_extraido': '', 'pdf_resumo': '', 'data_publicacao_original': '', 'fim_inscricao_original': '', 'prazo_submissao_original': '', 'metodo_extracao': 'api_pncp_defesa', 'url_listagem': 'https://pncp.gov.br/api/consulta/v1/contratacoes/publicacao', 'url_detalhe': 'https://portaldecompraspublicas.com.br/processos/PA/Camara-Municipal-de-Xinguara-2250/PE-02-2025-CMX-2025-2025-382993', 'nivel_sensibilidade': 'publico_institucional', 'contexto_sensivel_detectado': False, 'marcadores_contexto_sensivel': [], 'origem': 'https://portaldecompraspublicas.com.br/processos/PA/Camara-Municipal-de-Xinguara-2250/PE-02-2025-CMX-2025-2025-382993', 'palavras_chave_detectadas': [], 'necessita_traducao': False, 'observacoes': '', 'area': [], 'tipo_recurso': 'contrato_publico', 'natureza_recurso': 'contratacao_publica', 'publico_alvo_texto': 'fornecedores; empresas; defesa', 'setor_economico': ['defesa', 'compras_publicas'], 'estado': '', 'municipio': '', 'regiao_atendida': [], 'valor_minimo': '', 'valor_maximo': '', 'faixa_valor': '', 'reembolsavel': None, 'numero_programa': '', 'documentos_exigidos': [], 'numero_controle_pncp': '04344819000127-1-000011/2025', 'thematic_tags': [], 'thematic_confidence': 0.0, 'metodo_classificacao': 'crawler_hints', 'classificacao_confianca': 'baixa', 'orgao_cnpj': None, 'unidade_nome': None, 'amparo_legal': None, 'coletado_em': '2026-05-09'}"
"[Portal de Compras Públicas] - REGISTRO DE PREÇO CONTRATAÇÃO DE PESSOA JURÍDICA PARA AQUISIÇÃO DE FARDAMENTO ESCOLAR, para tender as demandas da Secretarias Municipais de Educação do Município de Apodi/RN, conforme especificações e quantidades estabe","[Portal de Compras Públicas] - REGISTRO DE PREÇO CONTRATAÇÃO DE PESSOA JURÍDICA PARA AQUISIÇÃO DE FARDAMENTO ESCOLAR, para tender as demandas da Secretarias Municipais de Educação do Município de Apodi/RN, conforme especificações e quantidades estabelecidas no Termo de Referência e neste Edital e seus Anexos. Pregão - Eletrônico",https://portaldecompraspublicas.com.br/processos/RN/Prefeitura-Municipal-de-Apodi-1275/RPE-013-2025-2025-386859,PNCP Defesa,2025-05-09,2025-05-23,Divulgada no PNCP,"R$ 219.304,36",contratacoes_publicas_defesa,Pregão - Eletrônico,contrato_publico,"{'regiao': 'brasil', 'setor_estrategico': ['defesa', 'seguranca_nacional'], 'subtema': ['aeroespacial'], 'area_cientifica': [], 'area_tecnologica': [], 'tipo_oportunidade': 'compra_publica', 'empresa_prime': '', 'orgao_contratante': '', 'pais': 'Brasil', 'idioma_original': '', 'titulo_original': '', 'descricao_original': '', 'titulo_traduzido': '', 'descricao_traduzida': '', 'orgao_responsavel': '', 'instituicao': '', 'numero_edital': '08349011000193-1-000068/2025', 'numero_chamada': '013', 'numero_processo': '23040001/2025', 'codigo_oportunidade': '08349011000193-1-000068/2025', 'modalidade': 'Pregão - Eletrônico', 'publico_alvo': ['fornecedores', 'empresas', 'defesa'], 'elegibilidade': '', 'objetivo': '[Portal de Compras Públicas] - REGISTRO DE PREÇO CONTRATAÇÃO DE PESSOA JURÍDICA PARA AQUISIÇÃO DE FARDAMENTO ESCOLAR, para tender as demandas da Secretarias Municipais de Educação do Município de Apodi/RN, conforme especificações e quantidades estabelecidas no Termo de Referência e neste Edital e seus Anexos.', 'escopo': '', 'itens_financiaveis': [], 'itens_nao_financiaveis': [], 'valor_total': 'R$ 219.304,36', 'valor_por_projeto': '', 'contrapartida': '', 'prazo_execucao': '', 'cronograma': [], 'documentos': [{'nome': 'Sistema de origem', 'url': 'https://portaldecompraspublicas.com.br/processos/RN/Prefeitura-Municipal-de-Apodi-1275/RPE-013-2025-2025-386859'}], 'pdf_url': '', 'pdf_texto_extraido': '', 'pdf_resumo': '', 'data_publicacao_original': '', 'fim_inscricao_original': '', 'prazo_submissao_original': '', 'metodo_extracao': 'api_pncp_defesa', 'url_listagem': 'https://pncp.gov.br/api/consulta/v1/contratacoes/publicacao', 'url_detalhe': 'https://portaldecompraspublicas.com.br/processos/RN/Prefeitura-Municipal-de-Apodi-1275/RPE-013-2025-2025-386859', 'nivel_sensibilidade': 'publico_institucional', 'contexto_sensivel_detectado': False, 'marcadores_contexto_sensivel': [], 'origem': 'https://portaldecompraspublicas.com.br/processos/RN/Prefeitura-Municipal-de-Apodi-1275/RPE-013-2025-2025-386859', 'palavras_chave_detectadas': ['aeroespacial'], 'necessita_traducao': False, 'observacoes': '', 'area': [], 'tipo_recurso': 'contrato_publico', 'natureza_recurso': 'contratacao_publica', 'publico_alvo_texto': 'fornecedores; empresas; defesa', 'setor_economico': ['defesa', 'compras_publicas'], 'estado': '', 'municipio': '', 'regiao_atendida': [], 'valor_minimo': '', 'valor_maximo': '', 'faixa_valor': '', 'reembolsavel': None, 'numero_programa': '', 'documentos_exigidos': [], 'numero_controle_pncp': '08349011000193-1-000068/2025', 'thematic_tags': ['aeroespacial'], 'thematic_confidence': 0.44999999999999996, 'metodo_classificacao': 'crawler_hints', 'classificacao_confianca': 'media', 'orgao_cnpj': None, 'unidade_nome': None, 'amparo_legal': None, 'coletado_em': '2026-05-09'}"
AQUISIÇÃO GRADATIVA DE MATERIAIS DE ILUMINAÇÃO EM GERAL (PÚBLICA E PREDIAL) E LUZES DECORATIVAS.,AQUISIÇÃO GRADATIVA DE MATERIAIS DE ILUMINAÇÃO EM GERAL (PÚBLICA E PREDIAL) E LUZES DECORATIVAS. Pregão - Eletrônico,https://pncp.gov.br/app/editais/08096083000176-1-000042/2025,PNCP Defesa,2025-05-09,2025-05-22,Divulgada no PNCP,"R$ 636.421,62",contratacoes_publicas_defesa,Pregão - Eletrônico,contrato_publico,"{'regiao': 'brasil', 'setor_estrategico': ['defesa', 'seguranca_nacional'], 'subtema': [], 'area_cientifica': [], 'area_tecnologica': [], 'tipo_oportunidade': 'compra_publica', 'empresa_prime': '', 'orgao_contratante': '', 'pais': 'Brasil', 'idioma_original': '', 'titulo_original': '', 'descricao_original': '', 'titulo_traduzido': '', 'descricao_traduzida': '', 'orgao_responsavel': '', 'instituicao': '', 'numero_edital': '08096083000176-1-000042/2025', 'numero_chamada': 'PE0182025', 'numero_processo': '0182025', 'codigo_oportunidade': '08096083000176-1-000042/2025', 'modalidade': 'Pregão - Eletrônico', 'publico_alvo': ['fornecedores', 'empresas', 'defesa'], 'elegibilidade': '', 'objetivo': 'AQUISIÇÃO GRADATIVA DE MATERIAIS DE ILUMINAÇÃO EM GERAL (PÚBLICA E PREDIAL) E LUZES DECORATIVAS.', 'escopo': '', 'itens_financiaveis': [], 'itens_nao_financiaveis': [], 'valor_total': 'R$ 636.421,62', 'valor_por_projeto': '', 'contrapartida': '', 'prazo_execucao': '', 'cronograma': [], 'documentos': [], 'pdf_url': '', 'pdf_texto_extraido': '', 'pdf_resumo': '', 'data_publicacao_original': '', 'fim_inscricao_original': '', 'prazo_submissao_original': '', 'metodo_extracao': 'api_pncp_defesa', 'url_listagem': 'https://pncp.gov.br/api/consulta/v1/contratacoes/publicacao', 'url_detalhe': 'https://pncp.gov.br/app/editais/08096083000176-1-000042/2025', 'nivel_sensibilidade': 'publico_institucional', 'contexto_sensivel_detectado': False, 'marcadores_contexto_sensivel': [], 'origem': 'https://pncp.gov.br/app/editais/08096083000176-1-000042/2025', 'palavras_chave_detectadas': [], 'necessita_traducao': False, 'observacoes': '', 'area': [], 'tipo_recurso': 'contrato_publico', 'natureza_recurso': 'contratacao_publica', 'publico_alvo_texto': 'fornecedores; empresas; defesa', 'setor_economico': ['defesa', 'compras_publicas'], 'estado': '', 'municipio': '', 'regiao_atendida': [], 'valor_minimo': '', 'valor_maximo': '', 'faixa_valor': '', 'reembolsavel': None, 'numero_programa': '', 'documentos_exigidos': [], 'numero_controle_pncp': '08096083000176-1-000042/2025', 'thematic_tags': [], 'thematic_confidence': 0.0, 'metodo_classificacao': 'crawler_hints', 'classificacao_confianca': 'baixa', 'orgao_cnpj': None, 'unidade_nome': None, 'amparo_legal': None, 'coletado_em': '2026-05-09'}"
"[Portal de Compras Públicas] - Edital de pregão eletrônico para a contratação de empresa para o fornecimento de equipamentos agrícolas, objeto referente a Consulta Popular 2023/2024 FPR 2671/2024","[Portal de Compras Públicas] - Edital de pregão eletrônico para a contratação de empresa para o fornecimento de equipamentos agrícolas, objeto referente a Consulta Popular 2023/2024 FPR 2671/2024 Pregão - Eletrônico",https://portaldecompraspublicas.com.br/processos/RS/Prefeitura-Municipal-de-Sao-Valerio-do-Sul-496/PE-12-2025-2025-387087,PNCP Defesa,2025-05-09,2025-05-23,Divulgada no PNCP,"R$ 94.566,66",contratacoes_publicas_defesa,Pregão - Eletrônico,contrato_publico,"{'regiao': 'brasil', 'setor_estrategico': ['defesa', 'seguranca_nacional'], 'subtema': ['aeroespacial'], 'area_cientifica': [], 'area_tecnologica': [], 'tipo_oportunidade': 'compra_publica', 'empresa_prime': '', 'orgao_contratante': '', 'pais': 'Brasil', 'idioma_original': '', 'titulo_original': '', 'descricao_original': '', 'titulo_traduzido': '', 'descricao_traduzida': '', 'orgao_responsavel': '', 'instituicao': '', 'numero_edital': '94442241000134-1-000025/2025', 'numero_chamada': '12', 'numero_processo': '51', 'codigo_oportunidade': '94442241000134-1-000025/2025', 'modalidade': 'Pregão - Eletrônico', 'publico_alvo': ['fornecedores', 'empresas', 'defesa'], 'elegibilidade': '', 'objetivo': '[Portal de Compras Públicas] - Edital de pregão eletrônico para a contratação de empresa para o fornecimento de equipamentos agrícolas, objeto referente a Consulta Popular 2023/2024 FPR 2671/2024', 'escopo': '', 'itens_financiaveis': [], 'itens_nao_financiaveis': [], 'valor_total': 'R$ 94.566,66', 'valor_por_projeto': '', 'contrapartida': '', 'prazo_execucao': '', 'cronograma': [], 'documentos': [{'nome': 'Sistema de origem', 'url': 'https://portaldecompraspublicas.com.br/processos/RS/Prefeitura-Municipal-de-Sao-Valerio-do-Sul-496/PE-12-2025-2025-387087'}], 'pdf_url': '', 'pdf_texto_extraido': '', 'pdf_resumo': '', 'data_publicacao_original': '', 'fim_inscricao_original': '', 'prazo_submissao_original': '', 'metodo_extracao': 'api_pncp_defesa', 'url_listagem': 'https://pncp.gov.br/api/consulta/v1/contratacoes/publicacao', 'url_detalhe': 'https://portaldecompraspublicas.com.br/processos/RS/Prefeitura-Municipal-de-Sao-Valerio-do-Sul-496/PE-12-2025-2025-387087', 'nivel_sensibilidade': 'publico_institucional', 'contexto_sensivel_detectado': False, 'marcadores_contexto_sensivel': [], 'origem': 'https://portaldecompraspublicas.com.br/processos/RS/Prefeitura-Municipal-de-Sao-Valerio-do-Sul-496/PE-12-2025-2025-387087', 'palavras_chave_detectadas': ['aeroespacial'], 'necessita_traducao': False, 'observacoes': '', 'area': [], 'tipo_recurso': 'contrato_publico', 'natureza_recurso': 'contratacao_publica', 'publico_alvo_texto': 'fornecedores; empresas; defesa', 'setor_economico': ['defesa', 'compras_publicas'], 'estado': '', 'municipio': '', 'regiao_atendida': [], 'valor_minimo': '', 'valor_maximo': '', 'faixa_valor': '', 'reembolsavel': None, 'numero_programa': '', 'documentos_exigidos': [], 'numero_controle_pncp': '94442241000134-1-000025/2025', 'thematic_tags': ['aeroespacial'], 'thematic_confidence': 0.44999999999999996, 'metodo_classificacao': 'crawler_hints', 'classificacao_confianca': 'media', 'orgao_cnpj': None, 'unidade_nome': None, 'amparo_legal': None, 'coletado_em': '2026-05-09'}"
"[Portal de Compras Públicas] - CONTRATAÇÃO DE EMPRESA PARA FORNECIMENTO DE SAIBRO BRITADO E RACHÃO DE SAIBRO AO MUNÍCIPIO DE LINHA NOVA/RS, COM A FINALIDADE DE SUPRIR A NECESSIDADE DA SECRETARIA DE OBRAS, VIAÇÃO E TRÂNSITO, A FIM DE EXECUTAR DE FORMA","[Portal de Compras Públicas] - CONTRATAÇÃO DE EMPRESA PARA FORNECIMENTO DE SAIBRO BRITADO E RACHÃO DE SAIBRO AO MUNÍCIPIO DE LINHA NOVA/RS, COM A FINALIDADE DE SUPRIR A NECESSIDADE DA SECRETARIA DE OBRAS, VIAÇÃO E TRÂNSITO, A FIM DE EXECUTAR DE FORMA PLENA E SATISFATÓRIA AS DEMANDAS DA ADMINISTRAÇÃO. Pregão - Eletrônico",https://portaldecompraspublicas.com.br/processos/RS/Prefeitura-Municipal-de-Linha-Nova-3604/PE-12-2025-2025-386306,PNCP Defesa,2025-05-09,2025-05-23,Divulgada no PNCP,"R$ 1.237.720,00",contratacoes_publicas_defesa,Pregão - Eletrônico,contrato_publico,"{'regiao': 'brasil', 'setor_estrategico': ['defesa', 'seguranca_nacional'], 'subtema': ['aeroespacial'], 'area_cientifica': [], 'area_tecnologica': [], 'tipo_oportunidade': 'compra_publica', 'empresa_prime': '', 'orgao_contratante': '', 'pais': 'Brasil', 'idioma_original': '', 'titulo_original': '', 'descricao_original': '', 'titulo_traduzido': '', 'descricao_traduzida': '', 'orgao_responsavel': '', 'instituicao': '', 'numero_edital': '92123900000144-1-000026/2025', 'numero_chamada': '12', 'numero_processo': '55', 'codigo_oportunidade': '92123900000144-1-000026/2025', 'modalidade': 'Pregão - Eletrônico', 'publico_alvo': ['fornecedores', 'empresas', 'defesa'], 'elegibilidade': '', 'objetivo': '[Portal de Compras Públicas] - CONTRATAÇÃO DE EMPRESA PARA FORNECIMENTO DE SAIBRO BRITADO E RACHÃO DE SAIBRO AO MUNÍCIPIO DE LINHA NOVA/RS, COM A FINALIDADE DE SUPRIR A NECESSIDADE DA SECRETARIA DE OBRAS, VIAÇÃO E TRÂNSITO, A FIM DE EXECUTAR DE FORMA PLENA E SATISFATÓRIA AS DEMANDAS DA ADMINISTRAÇÃO.', 'escopo': '', 'itens_financiaveis': [], 'itens_nao_financiaveis': [], 'valor_total': 'R$ 1.237.720,00', 'valor_por_projeto': '', 'contrapartida': '', 'prazo_execucao': '', 'cronograma': [], 'documentos': [{'nome': 'Sistema de origem', 'url': 'https://portaldecompraspublicas.com.br/processos/RS/Prefeitura-Municipal-de-Linha-Nova-3604/PE-12-2025-2025-386306'}], 'pdf_url': '', 'pdf_texto_extraido': '', 'pdf_resumo': '', 'data_publicacao_original': '', 'fim_inscricao_original': '', 'prazo_submissao_original': '', 'metodo_extracao': 'api_pncp_defesa', 'url_listagem': 'https://pncp.gov.br/api/consulta/v1/contratacoes/publicacao', 'url_detalhe': 'https://portaldecompraspublicas.com.br/processos/RS/Prefeitura-Municipal-de-Linha-Nova-3604/PE-12-2025-2025-386306', 'nivel_sensibilidade': 'publico_institucional', 'contexto_sensivel_detectado': False, 'marcadores_contexto_sensivel': [], 'origem': 'https://portaldecompraspublicas.com.br/processos/RS/Prefeitura-Municipal-de-Linha-Nova-3604/PE-12-2025-2025-386306', 'palavras_chave_detectadas': ['aeroespacial'], 'necessita_traducao': False, 'observacoes': '', 'area': [], 'tipo_recurso': 'contrato_publico', 'natureza_recurso': 'contratacao_publica', 'publico_alvo_texto': 'fornecedores; empresas; defesa', 'setor_economico': ['defesa', 'compras_publicas'], 'estado': '', 'municipio': '', 'regiao_atendida': [], 'valor_minimo': '', 'valor_maximo': '', 'faixa_valor': '', 'reembolsavel': None, 'numero_programa': '', 'documentos_exigidos': [], 'numero_controle_pncp': '92123900000144-1-000026/2025', 'thematic_tags': ['aeroespacial'], 'thematic_confidence': 0.44999999999999996, 'metodo_classificacao': 'crawler_hints', 'classificacao_confianca': 'media', 'orgao_cnpj': None, 'unidade_nome': None, 'amparo_legal': None, 'coletado_em': '2026-05-09'}"
